<?xml version = "1.0"?>
<?xml-stylesheet type = "text/xsl" href = "book.xsl"?>
<class>
   <book id = "01">
      <name>Cindrella</name>
      <author>Charles Perault</author>
      <publication>1998</publication>
      <price>1000</price>
   </book>
   <book id = "02">
      <name>Arabian Nights</name>
      <author>Tahir Shah</author>
      <publication>1898</publication>
        <price>1000</price>
   </book>
   <book id = "03">
      <name>Once Upon a Time</name>
      <author>Issac Heller</author>
      <publication>1757</publication>
        <price>1000</price>
   </book>
   <book id = "04">
      <name>The secrets</name>
      <author>Rhonda Byrne</author>
      <publication>1990</publication>
        <price>1000</price>
   </book>
   <book id = "05">
      <name>Discovery of India</name>
      <author>Jawaharlal Nehru</author>
      <publication>1985</publication>
        <price>1000</price>
   </book>
   <book id = "06">
      <name>War and Peace</name>
      <author>Leo Tolstoy</author>
      <publication>1854</publication>
        <price>1000</price>
   </book>
   <book id = "07">
      <name>The Red and the Black</name>
      <author>Stendhal</author>
      <publication>1789</publication>
        <price>1000</price>
   </book>
   <book id = "08">
      <name>Hamlet</name>
      <author>William Shakespeare</author>
      <publication>1599</publication>
        <price>1000</price>
   </book>
   <book id = "09">
      <name>The Divine Comedy</name>
      <author>Dante Alighieri</author>
      <publication>1888</publication>
        <price>1000</price>
   </book>
   <book id = "10">
      <name>Alice's Adventures in Wonderland</name>
      <author>Lewis Caroll</author>
      <publication>1678</publication>
        <price>1000</price>
   </book>
</class>
